{"hostname": "Brandons-MBP-3", "_timestamp": 1716592825.2126012, "_runtime": 7.265210151672363, "_step": 12, "epoch/loss": 134.96762084960938, "epoch/mean_absolute_error": 9.131970405578613, "epoch/val_loss": 138.385498046875, "epoch/val_mean_absolute_error": 9.154060363769531, "epoch/epoch": 9, "final_test_mean_squared_error": 134.3595428466797, "final_test_mean_absolute_error": 9.107451438903809, "_wandb": {"runtime": 6}}