{"hostname": "Brandons-MBP-3", "_timestamp": 1716585417.692693, "_runtime": 6.511717081069946, "_step": 12, "epoch/loss": 135.9532928466797, "epoch/mean_absolute_error": 9.079598426818848, "epoch/val_loss": 141.64138793945312, "epoch/val_mean_absolute_error": 9.421920776367188, "epoch/epoch": 9, "final_test_mean_squared_error": 143.0746307373047, "final_test_mean_absolute_error": 9.515273094177246, "_wandb": {"runtime": 6}}