{"hostname": "Brandons-MBP-3", "_timestamp": 1716594353.815215, "_runtime": 7.1634931564331055, "_step": 12, "epoch/loss": 131.24740600585938, "epoch/mean_absolute_error": 9.091901779174805, "epoch/val_loss": 125.32839965820312, "epoch/val_mean_absolute_error": 8.891140937805176, "epoch/epoch": 9, "final_test_mean_squared_error": 124.71501922607422, "final_test_mean_absolute_error": 8.816560745239258, "_wandb": {"runtime": 6}}