{"hostname": "Brandons-MBP-3", "_timestamp": 1716585293.411872, "_runtime": 8.053786993026733, "_step": 12, "epoch/loss": 140.36959838867188, "epoch/mean_absolute_error": 9.32015609741211, "epoch/val_loss": 137.9713592529297, "epoch/val_mean_absolute_error": 9.265786170959473, "epoch/epoch": 9, "final_test_mean_squared_error": 136.74546813964844, "final_test_mean_absolute_error": 9.241341590881348, "_wandb": {"runtime": 7}}