{"hostname": "Brandons-MBP-3", "_timestamp": 1716586555.0858219, "_runtime": 65.3321008682251, "_step": 12, "epoch/loss": 132.54959106445312, "epoch/mean_absolute_error": 9.134448051452637, "epoch/val_loss": 526750.3125, "epoch/val_mean_absolute_error": 22.006160736083984, "epoch/epoch": 9, "final_test_mean_squared_error": 126.18230438232422, "final_test_mean_absolute_error": 8.877197265625, "_wandb": {"runtime": 64}}