{"hostname": "Brandons-MBP-3", "_timestamp": 1716585098.7873669, "_runtime": 8.537844896316528, "_step": 12, "epoch/loss": 137.13702392578125, "epoch/mean_absolute_error": 9.173216819763184, "epoch/val_loss": 137.40390014648438, "epoch/val_mean_absolute_error": 9.279934883117676, "epoch/epoch": 9, "final_test_mean_squared_error": 140.1995086669922, "final_test_mean_absolute_error": 9.32066822052002, "_wandb": {"runtime": 7}}